<basegameConfigs>
	
	<!-- Config file for realManualTransmission configs for basegame vehicles (Note, this only works for basegame vehicles! Not Mods) -->
	<!-- identification via XML name -->
	
	<!-- Changelog -->
	<!--
		-- a lot of new configs added by Johny6210, Thank you!! 
	
		added features in V 0.4.0.4
		the addition of disableGears and disableRangesSet1 - disableRangesSet3 in each ratio tag in the ranges 
		- you can add certain gears or ranges that are disabled in this range. You can select if we want to N shifting into that range or just shift into neutral at the same time for disabled gears.
		- the disableInRangesX attributes for the gears that did not work properly anyways are now removed since having those tags in the ranges instead is way better. 
	-->
	
	
	<!-- Sample configuration with all possible values/attributes -->
																		<!-- configFile is only needed in this XML to identify the basegame vehicle, it is not for the use in Mods! If you want to add a config for a basegame, the name of the XML of that vehicle is what you need to add here -->
	<realManualTransmission finalRatio="1" switchGearRangeMapping="true" configFile="Beispiel.xml" > <!-- finalRatio: speed multiplier for the entire transmission, switchGearRangeMapping: you can change the mapping so you shift the ranges with the gear buttons and gears with the range buttons -->
		
		<!-- gears configuration. Every transmission needs to have gears. The number of gears is minimum of 2, no maximum -->	
		<gears defaultGear="2" powerShift="false" > <!-- defaultGear is optional, you can set gears to powerShift true -->
			<gear speed="5.4" name="1" isReverse="true"/> <!-- gear speed is speed in kph at max/norm RPM, name is name, isReverse is optional you can turn any gear into a reverse gear -->
			<gear speed="9.0" name="2" />
			<gear speed="13.4" name="3" />
			<gear speed="20.9" name="4" />
			<gear speed="30.7" name="5" />
			<gear speed="50.0" name="6" /> 
		</gears>
		
		<!-- RangeSets, rangeSets are also optional you don't need any-->
		<!-- There are up to 3 rangeSets possible -->
		<rangeSet1 powerShift="true" defaultRange="2" hasNeutralPosition="false" > <!-- powerShift: if the rangeSet is powershiftable, defaultRange is obvious, hasNeutralPosition, you can have a neutral position for the ranges. This is not useful yet, but maybe in future -->
			<range ratio="0.512" name="I" /> <!-- the ratio is the ratio the speed is multiplied, name is the display name -->
			<range ratio="0.612" name="II" />
			<range ratio="0.72" name="III" isReverse="true"/> <!-- you can also add isReverse to any range to make it a reverse range -->
			<range ratio="1" name="IV" >
				<disableGears gears="1 2" disableType="neutral" /> <!-- you can add gears that are disabled in this range, here gear1 and gear2; disableType="neutral" means that we shift gears to neutral if we select this group. Alternative: disableType="N" -> we simply can not shift into this range/group while we are in the disabled gear -->
				<disableRangesSet2 ranges="1" disableType="N" />  <!-- you can add other ranges that are disabled in this range. Here it is range 1 in rangeSet2. possible disableTypes are "N" only right now -->
			</range>
		</rangeSet1>
		

		<rangeSet2 powerShift="false" defaultRange="2">
			<range ratio="0.5" name="LO" />
			<range ratio="1" name="HI" />
		</rangeSet2>
		
		<rangeSet3 powerShift="false" defaultRange="2">
			<range ratio="1" name="R" isReverse="true" />
			<range ratio="1" name="V" />
		</rangeSet3>
		
		<!-- this is the reverser, it is optional. In case of the 500 Fendt, we have a preselect type. That means that you can toggle the reverser but nothing happens until you press the clutch all the way in -->
		<!-- if you just have a normal reverser the type is type="normal" and it works like you expect a normal reverser to work -->
		<!-- for an example of how the preselect reverser works, look at the 500 Fendt Samplemod -->		
		<reverser type="normal" > <!-- normal or preselect -->
			<ratios forward="1" reverse="1" />
			<settings brakeAggressionBias="1" clutchTime="500" /> <!-- settings are optional, it uses default values. But you can influence the amount/aggression when braking with brakeAggressionBias and the time the clutch takes to close again with clutchTime -->
		</reverser>	
		
	</realManualTransmission>	
	
	<!-- end sample -->
	
	<!-- start actual -->
	
<realManualTransmission configFile="1104.xml" >
	
        <gears defaultGear="2">
            <gear speed="5" name="R" isReverse="true" />
            <gear speed="0.001" name="N" />
            <gear speed="5" name="1" />
            <gear speed="15" name="2" />
            <gear speed="30" name="3" />
            <gear speed="50" name="4" />
            <gear speed="70" name="5" />
            <gear speed="100" name="6" />
        </gears>
        
    </realManualTransmission>

	<realManualTransmission configFile="magnum7240Pro.xml" >
	
      <gears defaultGear="2">
            <gear speed="5" name="R" isReverse="true" />
            <gear speed="0.001" name="N" />
            <gear speed="5" name="1" />
            <gear speed="15" name="2" />
            <gear speed="30" name="3" />
            <gear speed="50" name="4" />
            <gear speed="70" name="5" />
            <gear speed="100" name="6" />
        </gears>
		
    </realManualTransmission>
	
	<realManualTransmission configFile="magnum.xml" >
	
       <gears defaultGear="2">
            <gear speed="5" name="R" isReverse="true" />
            <gear speed="0.001" name="N" />
            <gear speed="5" name="1" />
            <gear speed="15" name="2" />
            <gear speed="30" name="3" />
            <gear speed="50" name="4" />
            <gear speed="70" name="5" />
            <gear speed="100" name="6" />
        </gears>
		
    </realManualTransmission>	

	<realManualTransmission configFile="quadtrac.xml" >
	
      <gears defaultGear="2">
            <gear speed="5" name="R" isReverse="true" />
            <gear speed="0.001" name="N" />
            <gear speed="5" name="1" />
            <gear speed="15" name="2" />
            <gear speed="30" name="3" />
            <gear speed="50" name="4" />
            <gear speed="70" name="5" />
            <gear speed="100" name="6" />
        </gears>
		
    </realManualTransmission>

	<realManualTransmission configFile="mt700.xml" >
	
   <gears defaultGear="2">
            <gear speed="5" name="R" isReverse="true" />
            <gear speed="0.001" name="N" />
            <gear speed="5" name="1" />
            <gear speed="15" name="2" />
            <gear speed="30" name="3" />
            <gear speed="50" name="4" />
            <gear speed="70" name="5" />
            <gear speed="100" name="6" />
        </gears>
		
    </realManualTransmission>

	<realManualTransmission configFile="mt800.xml" >
	
     <gears defaultGear="2">
            <gear speed="5" name="R" isReverse="true" />
            <gear speed="0.001" name="N" />
            <gear speed="5" name="1" />
            <gear speed="15" name="2" />
            <gear speed="30" name="3" />
            <gear speed="50" name="4" />
            <gear speed="70" name="5" />
            <gear speed="100" name="6" />
        </gears>
		
    </realManualTransmission>

	<realManualTransmission configFile="mt900E.xml" >
	
   <gears defaultGear="2">
            <gear speed="5" name="R" isReverse="true" />
            <gear speed="0.001" name="N" />
            <gear speed="5" name="1" />
            <gear speed="15" name="2" />
            <gear speed="30" name="3" />
            <gear speed="50" name="4" />
            <gear speed="70" name="5" />
            <gear speed="100" name="6" />
        </gears>
		
    </realManualTransmission>	

	<realManualTransmission configFile="mt1100.xml" >
	
     <gears defaultGear="2">
            <gear speed="5" name="R" isReverse="true" />
            <gear speed="0.001" name="N" />
            <gear speed="5" name="1" />
            <gear speed="15" name="2" />
            <gear speed="30" name="3" />
            <gear speed="50" name="4" />
            <gear speed="70" name="5" />
            <gear speed="100" name="6" />
        </gears>
		
    </realManualTransmission>
	
	<realManualTransmission configFile="fiat1300dt.xml">
	
		<gears defaultGear="2">
            <gear speed="5" name="R" isReverse="true" />
            <gear speed="0.001" name="N" />
            <gear speed="5" name="1" />
            <gear speed="15" name="2" />
            <gear speed="30" name="3" />
            <gear speed="50" name="4" />
            <gear speed="70" name="5" />
            <gear speed="100" name="6" />
        </gears>
			
	</realManualTransmission>

	<realManualTransmission configFile="fastrac4220.xml" >
	
       <gears defaultGear="2">
            <gear speed="5" name="R" isReverse="true" />
            <gear speed="0.001" name="N" />
            <gear speed="5" name="1" />
            <gear speed="15" name="2" />
            <gear speed="30" name="3" />
            <gear speed="50" name="4" />
            <gear speed="70" name="5" />
            <gear speed="100" name="6" />
        </gears>
		
    </realManualTransmission>
	
	<realManualTransmission configFile="series6M.xml" >
	
    <gears defaultGear="2">
            <gear speed="5" name="R" isReverse="true" />
            <gear speed="0.001" name="N" />
            <gear speed="5" name="1" />
            <gear speed="15" name="2" />
            <gear speed="30" name="3" />
            <gear speed="50" name="4" />
            <gear speed="70" name="5" />
            <gear speed="100" name="6" />
        </gears>
		
    </realManualTransmission>		
	
	<realManualTransmission configFile="series7R.xml" >
	
      <gears defaultGear="2">
            <gear speed="5" name="R" isReverse="true" />
            <gear speed="0.001" name="N" />
            <gear speed="5" name="1" />
            <gear speed="15" name="2" />
            <gear speed="30" name="3" />
            <gear speed="50" name="4" />
            <gear speed="70" name="5" />
            <gear speed="100" name="6" />
        </gears>
    </realManualTransmission>	
	
	<realManualTransmission configFile="series8R.xml" >
	
       <gears defaultGear="2">
            <gear speed="5" name="R" isReverse="true" />
            <gear speed="0.001" name="N" />
            <gear speed="5" name="1" />
            <gear speed="15" name="2" />
            <gear speed="30" name="3" />
            <gear speed="50" name="4" />
            <gear speed="70" name="5" />
            <gear speed="100" name="6" />
        </gears>
    </realManualTransmission>		

	<realManualTransmission configFile="series8RT.xml" >
	
      <gears defaultGear="2">
            <gear speed="5" name="R" isReverse="true" />
            <gear speed="0.001" name="N" />
            <gear speed="5" name="1" />
            <gear speed="15" name="2" />
            <gear speed="30" name="3" />
            <gear speed="50" name="4" />
            <gear speed="70" name="5" />
            <gear speed="100" name="6" />
        </gears>
		
    </realManualTransmission>	

	<realManualTransmission configFile="MF7700.xml" >
	
      <gears defaultGear="2">
            <gear speed="5" name="R" isReverse="true" />
            <gear speed="0.001" name="N" />
            <gear speed="5" name="1" />
            <gear speed="15" name="2" />
            <gear speed="30" name="3" />
            <gear speed="50" name="4" />
            <gear speed="70" name="5" />
            <gear speed="100" name="6" />
        </gears>
		
    </realManualTransmission>		
	
	<realManualTransmission configFile="T5.xml" >
	
     <gears defaultGear="2">
            <gear speed="5" name="R" isReverse="true" />
            <gear speed="0.001" name="N" />
            <gear speed="5" name="1" />
            <gear speed="15" name="2" />
            <gear speed="30" name="3" />
            <gear speed="50" name="4" />
            <gear speed="70" name="5" />
            <gear speed="100" name="6" />
        </gears>
		
    </realManualTransmission>	

	<realManualTransmission configFile="T6.xml" >
	
    <gears defaultGear="2">
            <gear speed="5" name="R" isReverse="true" />
            <gear speed="0.001" name="N" />
            <gear speed="5" name="1" />
            <gear speed="15" name="2" />
            <gear speed="30" name="3" />
            <gear speed="50" name="4" />
            <gear speed="70" name="5" />
            <gear speed="100" name="6" />
        </gears>
		
     	<reverser type="normal" > 
			<ratios forward="1" reverse="1" />
			<settings brakeAggressionBias="0.3" clutchTime="400" />
		</reverser>	   		
		
    </realManualTransmission>	

	<realManualTransmission configFile="T7.xml" >
	
   <gears defaultGear="2">
            <gear speed="5" name="R" isReverse="true" />
            <gear speed="0.001" name="N" />
            <gear speed="5" name="1" />
            <gear speed="15" name="2" />
            <gear speed="30" name="3" />
            <gear speed="50" name="4" />
            <gear speed="70" name="5" />
            <gear speed="100" name="6" />
        </gears> 
		
    </realManualTransmission>	

	<realManualTransmission configFile="T8.xml" >
	
     <gears defaultGear="2">
            <gear speed="5" name="R" isReverse="true" />
            <gear speed="0.001" name="N" />
            <gear speed="5" name="1" />
            <gear speed="15" name="2" />
            <gear speed="30" name="3" />
            <gear speed="50" name="4" />
            <gear speed="70" name="5" />
            <gear speed="100" name="6" />
        </gears>
		
    </realManualTransmission>	

	<realManualTransmission configFile="T9.xml" >
	
   <gears defaultGear="2">
            <gear speed="5" name="R" isReverse="true" />
            <gear speed="0.001" name="N" />
            <gear speed="5" name="1" />
            <gear speed="15" name="2" />
            <gear speed="30" name="3" />
            <gear speed="50" name="4" />
            <gear speed="70" name="5" />
            <gear speed="100" name="6" />
        </gears>
		
    </realManualTransmission>		

	<realManualTransmission configFile="ASeries.xml" >
	
<gears defaultGear="2">
            <gear speed="5" name="R" isReverse="true" />
            <gear speed="0.001" name="N" />
            <gear speed="5" name="1" />
            <gear speed="15" name="2" />
            <gear speed="30" name="3" />
            <gear speed="50" name="4" />
            <gear speed="70" name="5" />
            <gear speed="100" name="6" />
        </gears>
		
    </realManualTransmission>	

	<realManualTransmission configFile="NSeries.xml" >
	
     <gears defaultGear="2">
            <gear speed="5" name="R" isReverse="true" />
            <gear speed="0.001" name="N" />
            <gear speed="5" name="1" />
            <gear speed="15" name="2" />
            <gear speed="30" name="3" />
            <gear speed="50" name="4" />
            <gear speed="70" name="5" />
            <gear speed="100" name="6" />
        </gears>
		
    </realManualTransmission>	

	<realManualTransmission configFile="TSeries.xml" >
	<gears defaultGear="2">
            <gear speed="5" name="R" isReverse="true" />
            <gear speed="0.001" name="N" />
            <gear speed="5" name="1" />
            <gear speed="15" name="2" />
            <gear speed="30" name="3" />
            <gear speed="50" name="4" />
            <gear speed="70" name="5" />
            <gear speed="100" name="6" />
        </gears>
		
    </realManualTransmission>
	
	<realManualTransmission configFile="stMax105.xml" >
	
     <gears defaultGear="2">
            <gear speed="5" name="R" isReverse="true" />
            <gear speed="0.001" name="N" />
            <gear speed="5" name="1" />
            <gear speed="15" name="2" />
            <gear speed="30" name="3" />
            <gear speed="50" name="4" />
            <gear speed="70" name="5" />
            <gear speed="100" name="6" />
        </gears>
		
    </realManualTransmission>	
	
		
	<realManualTransmission configFile="stMax150.xml" >
	
<gears defaultGear="2">
            <gear speed="5" name="R" isReverse="true" />
            <gear speed="0.001" name="N" />
            <gear speed="5" name="1" />
            <gear speed="15" name="2" />
            <gear speed="30" name="3" />
            <gear speed="50" name="4" />
            <gear speed="70" name="5" />
            <gear speed="100" name="6" />
        </gears>
				        
    </realManualTransmission>
	
	

</basegameConfigs>